,Time,mean,std
0,0min,0.8830767906501035,0.49052075345910856
1,1min,1.0923081717500511,0.6976505557358375
2,2min,1.2921447241717976,0.46265989571459976
