,Time,mean,std
0,0min,0.1779315503361876,0.510548139230411
1,1min,0.719135612630079,0.5653411713597317
2,2min,1.127056781772482,0.5610188798067146
