,Time,mean,std
0,0min,0.190661070320804,0.4533893404595067
1,1min,0.2124395410111641,0.4206723811753485
2,2min,0.9670905133611736,0.6093484564210676
